id,name,email,address,phone,date_of_birth,company,salary,is_active
1,Adrian Davidson,thompsonjason@example.org,"224 Michael Divide Apt. 898, Lake Jonathanberg, AL 84706",001-449-315-7180,1964-03-23,"Payne, Boyle and Jones",55277.25,True
2,Martin Beard,marshallcassandra@example.com,"PSC 9806, Box 5428, APO AP 50329",(380)485-4145x8658,1960-08-06,Turner and Sons,69088.33,False
3,Jacob Coleman,vsharp@example.net,"123 Douglas Port Apt. 817, Winterschester, MA 59861",(695)755-8190x7206,1993-11-12,Mitchell-Sims,65859.96,True
4,Robin Fritz,osilva@example.net,"9331 Amy Burg Apt. 790, Deannachester, NE 81157",(322)426-5323x3577,1956-06-12,Williams PLC,57075.23,False
5,Richard Carlson,lance32@example.com,"8961 Smith Inlet Suite 630, East Brianshire, MA 70272",(969)926-4108,1962-03-13,Torres-Robles,107711.48,True
6,Brittany Lewis,elizabethmyers@example.com,"PSC 4974, Box 7748, APO AA 67128",+1-742-396-1567x2066,1991-07-24,Oneill-Skinner,77001.1,True
7,Abigail Moore,kimberly80@example.net,"498 Andrea Center Apt. 960, North Richardfort, RI 97143",441-860-4924x363,1971-08-31,Mendoza-Short,54484.24,False
8,Samuel Chen MD,wwilliams@example.net,"241 Gary Roads Apt. 976, Gregoryview, GA 81489",+1-597-249-3146,1998-04-07,"Cordova, Riley and Christensen",118413.76,True
9,Alexis Perez,jamievaldez@example.net,"66069 Smith Village Suite 392, Johnside, IN 58591",416-631-2794,2000-07-19,Howard Ltd,90343.49,True
10,Tamara Frazier,wjuarez@example.net,"369 Bell Islands Suite 132, Lake Robert, KS 58647",229-970-5477x014,1991-01-07,"King, Simon and Knox",112944.05,False
11,Sara Taylor,wadams@example.com,"1780 Rodriguez Causeway, Lauraton, FM 19879",(357)290-5620,2004-04-26,Mcgrath-Johnson,60125.62,False
12,Heather Holt,mduncan@example.com,"0939 Sara Oval Apt. 647, East Peggyfort, AK 34923",(876)850-7255x1693,1956-01-17,Lewis LLC,91151.64,True
13,Haley Duarte,kevinfox@example.net,"610 Tracy Shoal Apt. 361, Jasonhaven, AR 38071",001-711-831-7139,1990-12-26,Burgess and Sons,38800.39,True
14,Timothy Knight,victor63@example.org,"8376 Flores Rapid Apt. 514, West Karachester, NJ 07079",(305)896-3768,1944-04-30,"Nichols, Robinson and Giles",69542.54,False
15,Michael Howell,acostaroy@example.net,"40482 Matthew Forks Suite 709, Deanport, FL 24811",001-856-227-0397,1990-01-03,Rivera-Robinson,42574.66,True
16,Michael Morrison,stokessherri@example.com,"USS Jones, FPO AA 81265",+1-310-830-4660x9400,1967-02-12,Buck Group,97673.68,True
17,Yolanda Scott,jessemartin@example.net,"87155 Davis Inlet, Christopherburgh, SD 51992",4386730595,2000-05-30,Washington-Johnson,119714.41,True
18,James Lucas,danielporter@example.com,"0734 Jason Village, North Cynthiahaven, OR 15379",(448)349-3561,1955-08-21,Miranda PLC,82597.04,False
19,Lindsey Ruiz,dcraig@example.com,"44017 Robert Plaza, Bassfort, NH 58068",+1-908-425-4667x96128,1949-07-26,Mcclure-Johnson,69648.51,False
20,Natalie Carlson,chanandrew@example.net,"467 Melissa Knoll, Lake Edwardchester, NY 36728",710.904.3729x676,1990-07-27,Perez and Sons,57939.19,True
21,Travis Shepherd,warrenhenry@example.com,"58295 Aguirre Bridge Apt. 647, East Amandaport, NJ 80991",231.960.0884,1969-06-02,Durham-Horne,98744.34,False
22,David Bautista,gloverpaul@example.net,"098 Jennifer Manors, Spencerborough, ID 18612",+1-824-721-2317x7705,1992-05-09,Foley-Mejia,58384.67,False
23,Stephanie Fuentes,jessica25@example.net,"031 Craig Route, Port Stephanieville, NC 94305",260.545.2528,1951-06-30,"Jackson, Colon and Contreras",63695.68,False
24,Karen Mendez,cory99@example.org,"149 Mccall Road Apt. 940, North Danielle, MS 92050",001-226-226-8102x12282,1988-08-21,Ferguson-Vang,67577.56,True
25,Laura Price,pearsonlori@example.net,"8915 Robert Circle, Cynthiafort, MT 87891",+1-240-297-1507,1967-07-09,Taylor PLC,69210.74,True
26,Rachel Quinn,garciadavid@example.org,"739 Vincent Orchard, East Melindaside, DC 56858",805-335-3882,1985-06-19,Griffin Ltd,117349.39,False
27,Monique Medina,stephanie54@example.com,"166 Michelle Forges Apt. 225, Nelsontown, OK 46065",001-909-752-0176,1976-06-16,Anderson-Smith,70062.72,False
28,Christina Martin,jennifer80@example.org,"39981 Patty Junction Apt. 459, East Jeremy, OK 25994",(636)268-8832,1964-07-25,"Petty, Bowman and Robinson",43862.02,True
29,Angela Davenport,kevinlittle@example.org,"PSC 9319, Box 5479, APO AE 39898",(869)993-4820,2001-05-09,Dean-Ramos,115038.77,False
30,Laura Lopez,kristie83@example.com,"720 Curtis Ridge Apt. 587, Elizabethport, NC 92882",001-438-696-8898x89178,1988-03-17,Lamb-Hutchinson,53099.56,False
31,Tracy Harris,rosebrian@example.org,"730 Lee Orchard Apt. 246, Loriberg, AZ 30384",6038297693,1955-02-24,Reynolds-Mcknight,71587.65,True
32,Amber Underwood,edwardsbryan@example.com,"57931 Watson Trail, Dennisville, SD 70210",829.272.1225x947,1986-04-28,Keller Inc,46131.7,True
33,Jason Richards,jsherman@example.com,"4772 Hughes Vista, New Shawn, PA 23309",868-560-6759,1996-11-03,"Adams, Abbott and Ortiz",39476.05,True
34,Tara Mitchell,torresjason@example.net,"2697 Christine Crossroad, New John, WY 36122",(428)470-7943x652,1996-11-08,Keller PLC,78187.47,True
35,Charles Underwood,rchambers@example.com,"035 Beck Inlet Apt. 095, Lake Elizabeth, NV 50988",7398775736,1999-06-05,Harris-Brown,112825.72,True
36,Cynthia Roach,kayla85@example.org,"22949 Moore Highway, Taraberg, CT 41742",852.625.3063x801,1976-09-01,Berg-Berger,37714.26,False
37,Mary Garcia,qfitzgerald@example.com,"PSC 8316, Box 9155, APO AA 72922",530-351-3933,1969-11-11,Strickland-Serrano,42773.32,True
38,Vincent Payne,spencerbrittney@example.net,"3986 Mary Tunnel Apt. 357, Port James, SC 96915",807.706.2539x6519,1955-06-23,Dennis-Lester,67503.34,False
39,Jennifer Little,chad69@example.org,"9371 Timothy Station, Jamesburgh, MN 49506",001-606-892-2282x51448,2005-04-11,Webb and Sons,30099.9,True
40,Mr. Jason Kennedy DVM,devin45@example.org,"8445 Thompson Cape Suite 905, Port Gloriaton, VT 87006",001-241-955-2942x66047,1960-10-29,Sims Ltd,116606.75,True
41,Sarah Morales,williamskara@example.net,"358 Shelton Pass, Moodybury, AZ 50657",(689)992-2243,1993-03-01,"Clayton, Suarez and Burgess",104530.91,False
42,Wendy Graham,michaelcarey@example.org,"9728 Cassandra Turnpike Apt. 989, North Lisahaven, DC 47242",(431)482-4961x5832,1955-12-28,"Reyes, Lee and Robbins",89309.79,True
43,Brian Mejia,smack@example.net,"Unit 1621 Box 3224, DPO AE 57164",001-390-926-0031x505,1966-04-20,"Smith, Pierce and Mejia",113657.22,False
44,Erin Harvey,raymondortiz@example.org,"87478 Megan Islands, West Dennisview, VI 65521",+1-688-726-0118x70238,1968-03-06,"Rhodes, Dunn and Owens",40124.04,True
45,William Buchanan,johnsonmark@example.net,"51517 David Junction Apt. 701, Erinchester, ME 09147",594-281-6855,1945-04-08,Bray-Yates,50864.98,False
46,Christopher Miranda,xhanson@example.org,"Unit 8255 Box 0440, DPO AP 77022",001-612-615-5469x3081,1949-01-12,Wright-Dillon,44808.45,True
47,Kenneth Flowers,michael63@example.net,"1501 Meredith Pines Apt. 260, East Danielle, MD 16899",001-806-616-2907x432,1949-12-03,Gutierrez LLC,44585.02,True
48,Evan Henson,amy19@example.net,"4640 Brown Squares Suite 711, Port Robertview, NV 57568",8597426407,1946-12-20,Gutierrez-Christian,102834.2,True
49,Timothy Doyle,eflores@example.com,"87708 Meghan Parkway Apt. 843, New Hunterside, NJ 89606",001-985-992-0936x9889,1952-12-07,"Lewis, Jones and Miller",106052.52,True
50,Jill Mays,donalddavis@example.com,"765 Ortiz Point, New Michaelland, AK 22254",001-575-969-7769x36224,2000-07-07,Evans PLC,34067.26,False
51,Luis Nielsen,hendrixjessica@example.org,"84594 Nathan Turnpike Apt. 986, Lake Patriciafurt, OK 84362",962-773-1065,1964-12-11,"Bradley, Rush and Ray",42457.32,False
52,Stephen Jackson,taraward@example.net,"79116 Teresa Estate Apt. 363, East William, MP 13010",+1-553-493-0667x4121,1976-03-11,"Faulkner, Edwards and George",60703.61,False
53,Melissa Meyer,kimberly12@example.com,"637 Carter Field Apt. 817, Aguilarmouth, AL 51111",792-948-3503x1343,1951-10-15,Lee-Shannon,67223.04,False
54,Holly Hughes,tjohnson@example.net,"88934 Cook Port Suite 605, Adamsview, MI 08230",359.846.8301x05655,1945-01-07,Sellers PLC,53577.03,True
55,Linda Lee,xhall@example.net,"545 Duane Unions, West Annchester, OH 74452",(737)762-3101x01034,1991-11-17,Thomas-Spencer,115640.66,False
56,Sean Patton,bryceroberts@example.net,"296 Cox Locks, Lake Kristen, IL 03888",(885)667-3224x921,1960-08-11,Santos Ltd,59864.72,False
57,Joel Ramos,awilliamson@example.org,"567 Mcintyre Skyway, Annettestad, CT 35207",001-321-509-7482x02988,1986-05-09,"Kirby, Martin and Mcmillan",115742.23,False
58,Angela Mcfarland,osmith@example.net,"13504 Judith Spurs, Chadbury, VA 19407",7102886764,1964-04-25,Good-Romero,82015.43,True
59,Devin Phillips,cherylharrison@example.com,"2838 Christina Spring, West Kimberly, DC 29397",757-766-5125x13503,1963-07-18,"Vargas, Smith and Hanson",38164.77,True
60,Stacie Steele,bethanyburns@example.org,"574 Anthony Plaza, Bellport, MA 66963",001-889-698-7342x70087,1990-09-28,Morris LLC,56714.67,True
61,Michael Jackson,flynnbrian@example.net,"8770 Cynthia Court, South Kaitlynchester, NH 32100",+1-341-343-6547x54200,1978-09-25,Phillips Inc,42947.1,False
62,Debbie Dean,laura15@example.com,"372 Anthony Courts, Ellisport, SD 88797",918-332-0680x8729,1959-01-02,Fowler-Sanders,97794.5,True
63,Lance Thompson,kelleyalexis@example.net,"82504 Daniel View Apt. 553, Rubenland, OH 24958",001-327-599-0179,1979-04-14,Ramirez LLC,49572.02,False
64,Nicholas Bell,thompsongregory@example.com,"741 Luke Stream, Port Carriehaven, LA 72875",591-709-4647x60478,1984-08-08,Wood-Williams,79798.06,False
65,Kristina Marsh,swilson@example.org,"0254 Jordan Spurs, Hernandezmouth, DC 70532",387.924.6942x82421,1983-09-12,"Scott, Sanford and Harvey",30935.8,True
66,Christopher Gonzalez,youngbrian@example.org,"9085 Elizabeth Inlet Suite 822, Sheliatown, FL 67033",(354)274-7356x605,1980-12-02,"Gordon, Estrada and Montoya",91603.96,True
67,Amber Williams MD,nunezparker@example.net,"USNV Allen, FPO AA 96082",5339952820,1985-10-12,"Boone, Gray and Oneill",98272.91,True
68,Karen Jones,heathermolina@example.org,"341 Combs Pass, North Melissastad, NH 59700",515-725-0780x62490,1998-01-26,Gonzalez-Shea,54182.65,True
69,Emily James,vgalloway@example.net,"32625 Donna Vista Suite 673, Lake Madelineland, AK 00761",+1-416-650-6684x581,1989-03-09,"Hernandez, Reyes and Wilson",52753.26,False
70,Michelle Carter,zbrown@example.org,"0483 Pamela Bridge, South Ryanstad, NY 47376",+1-256-753-3035x340,2000-11-03,Johnson-Clark,43632.49,True
71,Alex Williams,theresa48@example.com,"87046 Johnson Course Suite 246, Olsonfort, KS 47515",509-694-0334,1959-12-13,"Peterson, Burgess and Miller",44978.9,False
72,Emily Carr,edwardpark@example.com,"6119 Davis Pines Apt. 240, Michaelchester, MT 59849",001-364-624-6220,1961-01-01,Mason LLC,39850.16,True
73,Christopher Fitzgerald,ashleyjones@example.com,"511 Kristie Stravenue Apt. 084, New Lori, MI 65298",881.851.1202x08210,1966-10-23,"Payne, Watkins and Banks",117919.01,True
74,Ashley Cobb,smithmolly@example.net,"09902 Swanson Mountains, Knighthaven, AR 30414",704-841-6884x52087,2004-02-28,"Jones, Sullivan and Huff",35848.78,False
75,Maria Zhang,penagerald@example.com,"915 Andrew Shoals, New Paul, GA 27354",5437127664,1977-01-31,Pearson-George,57130.65,False
76,Kimberly Wolf,david78@example.net,"232 Richard Spurs Suite 591, North Elizabeth, AZ 08813",(977)807-9825,1995-04-04,Jarvis-Armstrong,102645.56,False
77,Michael Delgado,sethjones@example.org,"0301 Nancy Neck, North Jessica, NM 08739",861.660.4450,1987-03-12,Williams-Brown,105116.66,False
78,Luis Kaufman,mikaylanelson@example.net,"PSC 0072, Box 2488, APO AP 70749",(314)922-3326,1972-10-08,Holland-Phillips,72026.87,False
79,Charles Brown,garrettjacobson@example.org,"6694 Lori Inlet, West Eric, TN 34798",+1-840-448-2616x1462,1979-05-15,Rogers and Sons,108260.03,False
80,Brenda Obrien,davismichael@example.net,"1894 Arnold Curve Apt. 705, Fordbury, AK 74439",983.795.7078,1974-11-26,"Casey, Contreras and Jennings",110875.09,False
81,Nathaniel Johnson,douglas99@example.net,"1847 Tiffany Row Suite 700, Davidsonburgh, UT 14800",504-471-7302,1987-10-14,Jones-Price,47448.32,False
82,Dillon Weiss,jennifer65@example.com,"343 Murillo Lodge Suite 298, Micheleland, VI 21159",907.320.5246x7820,1966-03-01,"Mitchell, Davidson and Kelly",55443.48,True
83,Ronnie Allen,matthew50@example.net,"USCGC Swanson, FPO AA 87226",344.701.9055,1948-05-03,Campbell-Good,48506.79,True
84,Mary Nolan,cooperjames@example.org,"2394 Robert Square Apt. 113, North Jonathanmouth, FL 97607",001-859-349-3128x34675,1953-03-11,Brown-Wright,43613.62,True
85,Kurt Ellis,christina42@example.org,"142 Alyssa Knolls Apt. 032, New Caseyside, UT 51598",001-368-500-2984,1975-06-30,Lucas-Phillips,71665.86,False
86,Tiffany Anderson,hannah47@example.org,"9106 Davis Gardens Apt. 847, South Victoria, MT 59058",620-709-2436,1997-06-05,"Smith, Horne and Lane",96316.21,True
87,Robert Smith,davisnathan@example.com,"12816 Gonzalez Circles Suite 043, Garciaview, LA 84998",694.786.9004,2002-06-17,Foster Group,57497.6,True
88,Dustin Oneill,paige94@example.com,"980 Jessica Station, Natashashire, NC 90377",(857)922-5772x40560,1962-01-17,"Farmer, Diaz and Walsh",50583.15,True
89,Brenda Perez,christopher36@example.net,"847 Nicholas Falls Suite 087, Shafferport, WI 40097",424-608-7538,1967-09-13,Olson-Mueller,53754.09,True
90,Ryan Hurst,samanthasanford@example.net,"3608 Thomas Well, Hansenview, VT 96305",8859109986,1946-06-07,Garcia LLC,87974.29,False
91,Debra White,susan44@example.com,"390 Chen Key, East Joshualand, DC 59389",797.827.6438,1945-06-10,Berry-Garcia,82744.94,True
92,Melinda Pierce,charles27@example.org,"5099 Jackson Fort Suite 118, Matthewschester, NJ 15361",495.506.5018x2686,1947-07-30,Stark-Smith,114603.73,True
93,Tom Luna,maryallen@example.net,"936 Smith Overpass Suite 851, Nelsonfurt, KS 73541",767.228.3048x102,1970-05-06,"Pollard, Scott and Stevenson",67889.31,True
94,Diane Murphy,harveyjennifer@example.org,"5339 Jessica Road, West Michelle, NJ 92982",965.420.6731x5107,1985-04-20,Madden-Vasquez,115568.95,False
95,Kristina Clark,rwatkins@example.com,"49720 Miller Parkways Suite 486, Eddiechester, FL 77025",001-345-951-0452,1972-03-30,Le Inc,31890.74,True
96,Robert Morgan,charlessanchez@example.com,"173 Allen Well, Port Sherryhaven, AR 96025",(217)412-7899,1998-05-12,"Palmer, Rogers and Bowman",103270.81,True
97,Courtney Velasquez,mitchellelizabeth@example.org,"92008 Jennings Ramp Apt. 141, New Deanshire, MS 78996",873.294.0179,1991-03-19,Carpenter-Williams,76412.4,True
98,Heather Larson,melliott@example.org,"9759 Martinez Junction Apt. 702, Nicolemouth, VI 66524",472.861.5168x5337,1999-07-26,"Hall, Baker and Prince",93802.16,True
99,Joseph Davis,steven93@example.com,"098 Armstrong Crossroad, Lake Shelley, RI 19930",945.655.0510,1968-10-12,Roberts and Sons,66498.57,False
100,Dawn Garcia,nicholas59@example.net,"USNV Russell, FPO AP 60757",730.861.5677x13508,1978-07-31,Khan Group,90001.77,False
